Protein1,Protein2,Taxonomy1,Taxonomy2,Taxonomy3,Taxonomy4,Miscore
Q9Q2G4,P33991,9hiv1 (11676),Human immunodeficiency virus 1 (11676),human (9606),Homo sapiens (9606),0.56
Q9BZF3,Q9Q2G4,human (9606),Homo sapiens (9606),9hiv1 (11676),Human immunodeficiency virus 1 (11676),0.56
Q9Q2G4,Q9UKK3,9hiv1 (11676),Human immunodeficiency virus 1 (11676),human (9606),Homo sapiens (9606),0.56
Q9Q2G4,P61758,9hiv1 (11676),Human immunodeficiency virus 1 (11676),human (9606),Homo sapiens (9606),0.56
Q8TB72,Q9Q2G4,human (9606),Homo sapiens (9606),9hiv1 (11676),Human immunodeficiency virus 1 (11676),0.56
Q9Q2G4,Q12874,9hiv1 (11676),Human immunodeficiency virus 1 (11676),human (9606),Homo sapiens (9606),0.56
O60232,Q9Q2G4,human (9606),Homo sapiens (9606),9hiv1 (11676),Human immunodeficiency virus 1 (11676),0.56
Q9UHF7,Q9Q2G4,human (9606),Homo sapiens (9606),9hiv1 (11676),Human immunodeficiency virus 1 (11676),0.56
Q9UMS0,Q9Q2G4,human (9606),Homo sapiens (9606),9hiv1 (11676),Human immunodeficiency virus 1 (11676),0.56
P03120,Q71BI4,hpv16 (333760),Human papillomavirus type 16 (333760),hpv16 (333760),Human papillomavirus type 16 (333760),0.50
P03120,Q71BI4,hpv16 (333760),Human papillomavirus type 16 (333760),hpv16 (333760),Human papillomavirus type 16 (333760),0.50
P03120,Q71BI4,hpv16 (333760),Human papillomavirus type 16 (333760),hpv16 (333760),Human papillomavirus type 16 (333760),0.35
Q98143,O40917,hhv8 (37296),"""Human herpesvirus 8 (HHV-8 (37296)",hhv8 (37296),"""Human herpesvirus 8 (HHV-8 (37296)",0.37
Q76RG7,O40917,hhv8 (37296),"""Human herpesvirus 8 (HHV-8 (37296)",hhv8 (37296),"""Human herpesvirus 8 (HHV-8 (37296)",0.37
Q76RG4,O40917,hhv8 (37296),"""Human herpesvirus 8 (HHV-8 (37296)",hhv8 (37296),"""Human herpesvirus 8 (HHV-8 (37296)",0.51
Q98143,O40925,hhv8 (37296),"""Human herpesvirus 8 (HHV-8 (37296)",hhv8 (37296),"""Human herpesvirus 8 (HHV-8 (37296)",0.37
Q98143,Q76RF6,hhv8 (37296),"""Human herpesvirus 8 (HHV-8 (37296)",hhv8 (37296),"""Human herpesvirus 8 (HHV-8 (37296)",0.51
Q98143,O40942,hhv8 (37296),"""Human herpesvirus 8 (HHV-8 (37296)",hhv8 (37296),"""Human herpesvirus 8 (HHV-8 (37296)",0.51
Q98143,Q98142,hhv8 (37296),"""Human herpesvirus 8 (HHV-8 (37296)",hhv8 (37296),"""Human herpesvirus 8 (HHV-8 (37296)",0.37
Q76RG7,Q98143,hhv8 (37296),"""Human herpesvirus 8 (HHV-8 (37296)",hhv8 (37296),"""Human herpesvirus 8 (HHV-8 (37296)",0.37
Q76RG4,Q98143,hhv8 (37296),"""Human herpesvirus 8 (HHV-8 (37296)",hhv8 (37296),"""Human herpesvirus 8 (HHV-8 (37296)",0.51
O40931,Q98138,hhv8 (37296),"""Human herpesvirus 8 (HHV-8 (37296)",hhv8 (37296),"""Human herpesvirus 8 (HHV-8 (37296)",0.37
Q98138,Q98142,hhv8 (37296),"""Human herpesvirus 8 (HHV-8 (37296)",hhv8 (37296),"""Human herpesvirus 8 (HHV-8 (37296)",0.37
Q76RG7,Q98138,hhv8 (37296),"""Human herpesvirus 8 (HHV-8 (37296)",hhv8 (37296),"""Human herpesvirus 8 (HHV-8 (37296)",0.51
Q98138,Q76RG4,hhv8 (37296),"""Human herpesvirus 8 (HHV-8 (37296)",hhv8 (37296),"""Human herpesvirus 8 (HHV-8 (37296)",0.51
O40929,Q77UU3,hhv8 (37296),"""Human herpesvirus 8 (HHV-8 (37296)",hhv8 (37296),"""Human herpesvirus 8 (HHV-8 (37296)",0.51
O40929,O40931,hhv8 (37296),"""Human herpesvirus 8 (HHV-8 (37296)",hhv8 (37296),"""Human herpesvirus 8 (HHV-8 (37296)",0.37
O40929,Q98142,hhv8 (37296),"""Human herpesvirus 8 (HHV-8 (37296)",hhv8 (37296),"""Human herpesvirus 8 (HHV-8 (37296)",0.37
Q76RG4,O40929,hhv8 (37296),"""Human herpesvirus 8 (HHV-8 (37296)",hhv8 (37296),"""Human herpesvirus 8 (HHV-8 (37296)",0.51
Q77UV9,C7E599,hhv8 (37296),"""Human herpesvirus 8 (HHV-8 (37296)",hhv8 (37296),"""Human herpesvirus 8 (HHV-8 (37296)",0.37
Q77UV9,Q76RF6,hhv8 (37296),"""Human herpesvirus 8 (HHV-8 (37296)",hhv8 (37296),"""Human herpesvirus 8 (HHV-8 (37296)",0.51
Q77UV9,Q76RF4,hhv8 (37296),"""Human herpesvirus 8 (HHV-8 (37296)",hhv8 (37296),"""Human herpesvirus 8 (HHV-8 (37296)",0.37
O40917,Q77UV9,hhv8 (37296),"""Human herpesvirus 8 (HHV-8 (37296)",hhv8 (37296),"""Human herpesvirus 8 (HHV-8 (37296)",0.51
Q98143,Q77UV9,hhv8 (37296),"""Human herpesvirus 8 (HHV-8 (37296)",hhv8 (37296),"""Human herpesvirus 8 (HHV-8 (37296)",0.51
O40929,Q77UV9,hhv8 (37296),"""Human herpesvirus 8 (HHV-8 (37296)",hhv8 (37296),"""Human herpesvirus 8 (HHV-8 (37296)",0.51
Q77UV9,Q76RF5,hhv8 (37296),"""Human herpesvirus 8 (HHV-8 (37296)",hhv8 (37296),"""Human herpesvirus 8 (HHV-8 (37296)",0.51
Q77UV9,O40942,hhv8 (37296),"""Human herpesvirus 8 (HHV-8 (37296)",hhv8 (37296),"""Human herpesvirus 8 (HHV-8 (37296)",0.51
Q77UV9,D0UZU4,hhv8 (37296),"""Human herpesvirus 8 (HHV-8 (37296)",hhv8 (37296),"""Human herpesvirus 8 (HHV-8 (37296)",0.51
Q77UV9,O40931,hhv8 (37296),"""Human herpesvirus 8 (HHV-8 (37296)",hhv8 (37296),"""Human herpesvirus 8 (HHV-8 (37296)",0.37
Q77UV9,Q98142,hhv8 (37296),"""Human herpesvirus 8 (HHV-8 (37296)",hhv8 (37296),"""Human herpesvirus 8 (HHV-8 (37296)",0.37
Q76RG7,Q77UV9,hhv8 (37296),"""Human herpesvirus 8 (HHV-8 (37296)",hhv8 (37296),"""Human herpesvirus 8 (HHV-8 (37296)",0.51
Q76RG4,Q77UV9,hhv8 (37296),"""Human herpesvirus 8 (HHV-8 (37296)",hhv8 (37296),"""Human herpesvirus 8 (HHV-8 (37296)",0.51
Q77UV9,Q76RF5,hhv8 (37296),"""Human herpesvirus 8 (HHV-8 (37296)",hhv8 (37296),"""Human herpesvirus 8 (HHV-8 (37296)",0.51
O40942,Q76RF5,hhv8 (37296),"""Human herpesvirus 8 (HHV-8 (37296)",hhv8 (37296),"""Human herpesvirus 8 (HHV-8 (37296)",0.51
Q76RG7,Q76RF5,hhv8 (37296),"""Human herpesvirus 8 (HHV-8 (37296)",hhv8 (37296),"""Human herpesvirus 8 (HHV-8 (37296)",0.51
Q76RF5,Q76RG4,hhv8 (37296),"""Human herpesvirus 8 (HHV-8 (37296)",hhv8 (37296),"""Human herpesvirus 8 (HHV-8 (37296)",0.51
O40925,O40942,hhv8 (37296),"""Human herpesvirus 8 (HHV-8 (37296)",hhv8 (37296),"""Human herpesvirus 8 (HHV-8 (37296)",0.51
O40942,Q76RF6,hhv8 (37296),"""Human herpesvirus 8 (HHV-8 (37296)",hhv8 (37296),"""Human herpesvirus 8 (HHV-8 (37296)",0.51
O40942,O40917,hhv8 (37296),"""Human herpesvirus 8 (HHV-8 (37296)",hhv8 (37296),"""Human herpesvirus 8 (HHV-8 (37296)",0.37
O40942,O40942,hhv8 (37296),"""Human herpesvirus 8 (HHV-8 (37296)",hhv8 (37296),"""Human herpesvirus 8 (HHV-8 (37296)",0.51
O40942,D0UZU4,hhv8 (37296),"""Human herpesvirus 8 (HHV-8 (37296)",hhv8 (37296),"""Human herpesvirus 8 (HHV-8 (37296)",0.51
O40942,Q77UU3,hhv8 (37296),"""Human herpesvirus 8 (HHV-8 (37296)",hhv8 (37296),"""Human herpesvirus 8 (HHV-8 (37296)",0.51
O40942,O40931,hhv8 (37296),"""Human herpesvirus 8 (HHV-8 (37296)",hhv8 (37296),"""Human herpesvirus 8 (HHV-8 (37296)",0.51
O40942,Q98142,hhv8 (37296),"""Human herpesvirus 8 (HHV-8 (37296)",hhv8 (37296),"""Human herpesvirus 8 (HHV-8 (37296)",0.37
Q76RG7,O40942,hhv8 (37296),"""Human herpesvirus 8 (HHV-8 (37296)",hhv8 (37296),"""Human herpesvirus 8 (HHV-8 (37296)",0.37
D0UZU4,Q76RF6,hhv8 (37296),"""Human herpesvirus 8 (HHV-8 (37296)",hhv8 (37296),"""Human herpesvirus 8 (HHV-8 (37296)",0.37
O40931,D0UZU4,hhv8 (37296),"""Human herpesvirus 8 (HHV-8 (37296)",hhv8 (37296),"""Human herpesvirus 8 (HHV-8 (37296)",0.51
D0UZU4,Q76RG4,hhv8 (37296),"""Human herpesvirus 8 (HHV-8 (37296)",hhv8 (37296),"""Human herpesvirus 8 (HHV-8 (37296)",0.51
D0UZU4,Q77UV9,hhv8 (37296),"""Human herpesvirus 8 (HHV-8 (37296)",hhv8 (37296),"""Human herpesvirus 8 (HHV-8 (37296)",0.51
O40942,D0UZU4,hhv8 (37296),"""Human herpesvirus 8 (HHV-8 (37296)",hhv8 (37296),"""Human herpesvirus 8 (HHV-8 (37296)",0.51
O40942,Q77UV9,hhv8 (37296),"""Human herpesvirus 8 (HHV-8 (37296)",hhv8 (37296),"""Human herpesvirus 8 (HHV-8 (37296)",0.51
O40942,Q76RF5,hhv8 (37296),"""Human herpesvirus 8 (HHV-8 (37296)",hhv8 (37296),"""Human herpesvirus 8 (HHV-8 (37296)",0.51
Q98143,O40942,hhv8 (37296),"""Human herpesvirus 8 (HHV-8 (37296)",hhv8 (37296),"""Human herpesvirus 8 (HHV-8 (37296)",0.51
Q98143,D0UZN7,hhv8 (37296),"""Human herpesvirus 8 (HHV-8 (37296)",hhv8 (37296),"""Human herpesvirus 8 (HHV-8 (37296)",0.40
O40942,Q98143,hhv8 (37296),"""Human herpesvirus 8 (HHV-8 (37296)",hhv8 (37296),"""Human herpesvirus 8 (HHV-8 (37296)",0.51
Q98143,Q98143,hhv8 (37296),"""Human herpesvirus 8 (HHV-8 (37296)",hhv8 (37296),"""Human herpesvirus 8 (HHV-8 (37296)",0.40
Q76RG4,O40917,hhv8 (37296),"""Human herpesvirus 8 (HHV-8 (37296)",hhv8 (37296),"""Human herpesvirus 8 (HHV-8 (37296)",0.51
D0UZU4,Q98143,hhv8 (37296),"""Human herpesvirus 8 (HHV-8 (37296)",hhv8 (37296),"""Human herpesvirus 8 (HHV-8 (37296)",0.40
Q98143,Q76RF6,hhv8 (37296),"""Human herpesvirus 8 (HHV-8 (37296)",hhv8 (37296),"""Human herpesvirus 8 (HHV-8 (37296)",0.51
Q98143,O40942,hhv8 (37296),"""Human herpesvirus 8 (HHV-8 (37296)",hhv8 (37296),"""Human herpesvirus 8 (HHV-8 (37296)",0.51
Q98143,Q76RG4,hhv8 (37296),"""Human herpesvirus 8 (HHV-8 (37296)",hhv8 (37296),"""Human herpesvirus 8 (HHV-8 (37296)",0.51
Q76RG7,Q98138,hhv8 (37296),"""Human herpesvirus 8 (HHV-8 (37296)",hhv8 (37296),"""Human herpesvirus 8 (HHV-8 (37296)",0.51
Q76RG4,Q98138,hhv8 (37296),"""Human herpesvirus 8 (HHV-8 (37296)",hhv8 (37296),"""Human herpesvirus 8 (HHV-8 (37296)",0.51
Q77UU3,O40929,hhv8 (37296),"""Human herpesvirus 8 (HHV-8 (37296)",hhv8 (37296),"""Human herpesvirus 8 (HHV-8 (37296)",0.51
O40929,Q76RG4,hhv8 (37296),"""Human herpesvirus 8 (HHV-8 (37296)",hhv8 (37296),"""Human herpesvirus 8 (HHV-8 (37296)",0.51
Q77UV9,Q76RF6,hhv8 (37296),"""Human herpesvirus 8 (HHV-8 (37296)",hhv8 (37296),"""Human herpesvirus 8 (HHV-8 (37296)",0.51
O40917,Q77UV9,hhv8 (37296),"""Human herpesvirus 8 (HHV-8 (37296)",hhv8 (37296),"""Human herpesvirus 8 (HHV-8 (37296)",0.51
Q98143,Q77UV9,hhv8 (37296),"""Human herpesvirus 8 (HHV-8 (37296)",hhv8 (37296),"""Human herpesvirus 8 (HHV-8 (37296)",0.51
O40929,Q77UV9,hhv8 (37296),"""Human herpesvirus 8 (HHV-8 (37296)",hhv8 (37296),"""Human herpesvirus 8 (HHV-8 (37296)",0.51
Q77UV9,Q76RF5,hhv8 (37296),"""Human herpesvirus 8 (HHV-8 (37296)",hhv8 (37296),"""Human herpesvirus 8 (HHV-8 (37296)",0.51
O40942,Q77UV9,hhv8 (37296),"""Human herpesvirus 8 (HHV-8 (37296)",hhv8 (37296),"""Human herpesvirus 8 (HHV-8 (37296)",0.51
D0UZU4,Q77UV9,hhv8 (37296),"""Human herpesvirus 8 (HHV-8 (37296)",hhv8 (37296),"""Human herpesvirus 8 (HHV-8 (37296)",0.51
Q77UV9,Q76RG7,hhv8 (37296),"""Human herpesvirus 8 (HHV-8 (37296)",hhv8 (37296),"""Human herpesvirus 8 (HHV-8 (37296)",0.51
Q77UV9,Q76RG4,hhv8 (37296),"""Human herpesvirus 8 (HHV-8 (37296)",hhv8 (37296),"""Human herpesvirus 8 (HHV-8 (37296)",0.51
Q77UV9,Q76RF5,hhv8 (37296),"""Human herpesvirus 8 (HHV-8 (37296)",hhv8 (37296),"""Human herpesvirus 8 (HHV-8 (37296)",0.51
Q76RF5,O40942,hhv8 (37296),"""Human herpesvirus 8 (HHV-8 (37296)",hhv8 (37296),"""Human herpesvirus 8 (HHV-8 (37296)",0.51
Q76RF5,Q76RG7,hhv8 (37296),"""Human herpesvirus 8 (HHV-8 (37296)",hhv8 (37296),"""Human herpesvirus 8 (HHV-8 (37296)",0.51
Q76RF5,Q76RG4,hhv8 (37296),"""Human herpesvirus 8 (HHV-8 (37296)",hhv8 (37296),"""Human herpesvirus 8 (HHV-8 (37296)",0.51
O40942,O40925,hhv8 (37296),"""Human herpesvirus 8 (HHV-8 (37296)",hhv8 (37296),"""Human herpesvirus 8 (HHV-8 (37296)",0.51
Q76RF6,O40942,hhv8 (37296),"""Human herpesvirus 8 (HHV-8 (37296)",hhv8 (37296),"""Human herpesvirus 8 (HHV-8 (37296)",0.51
O40942,O40942,hhv8 (37296),"""Human herpesvirus 8 (HHV-8 (37296)",hhv8 (37296),"""Human herpesvirus 8 (HHV-8 (37296)",0.51
O40942,D0UZU4,hhv8 (37296),"""Human herpesvirus 8 (HHV-8 (37296)",hhv8 (37296),"""Human herpesvirus 8 (HHV-8 (37296)",0.51
O40942,Q77UU3,hhv8 (37296),"""Human herpesvirus 8 (HHV-8 (37296)",hhv8 (37296),"""Human herpesvirus 8 (HHV-8 (37296)",0.51
O40931,O40942,hhv8 (37296),"""Human herpesvirus 8 (HHV-8 (37296)",hhv8 (37296),"""Human herpesvirus 8 (HHV-8 (37296)",0.51
D0UZU4,O40931,hhv8 (37296),"""Human herpesvirus 8 (HHV-8 (37296)",hhv8 (37296),"""Human herpesvirus 8 (HHV-8 (37296)",0.51
D0UZU4,Q76RG4,hhv8 (37296),"""Human herpesvirus 8 (HHV-8 (37296)",hhv8 (37296),"""Human herpesvirus 8 (HHV-8 (37296)",0.51
O40942,D0UZU4,hhv8 (37296),"""Human herpesvirus 8 (HHV-8 (37296)",hhv8 (37296),"""Human herpesvirus 8 (HHV-8 (37296)",0.51
O40942,Q77UV9,hhv8 (37296),"""Human herpesvirus 8 (HHV-8 (37296)",hhv8 (37296),"""Human herpesvirus 8 (HHV-8 (37296)",0.51
O40942,Q76RF5,hhv8 (37296),"""Human herpesvirus 8 (HHV-8 (37296)",hhv8 (37296),"""Human herpesvirus 8 (HHV-8 (37296)",0.51
Q76RF5,Q98143,hhv8 (37296),"""Human herpesvirus 8 (HHV-8 (37296)",hhv8 (37296),"""Human herpesvirus 8 (HHV-8 (37296)",0.40
Q98138,Q77UV9,hhv8 (37296),"""Human herpesvirus 8 (HHV-8 (37296)",hhv8 (37296),"""Human herpesvirus 8 (HHV-8 (37296)",0.40
O40931,D0UZT1,hhv8 (37296),"""Human herpesvirus 8 (HHV-8 (37296)",hhv8 (37296),"""Human herpesvirus 8 (HHV-8 (37296)",0.40
D0UZT1,D0UZN7,hhv8 (37296),"""Human herpesvirus 8 (HHV-8 (37296)",hhv8 (37296),"""Human herpesvirus 8 (HHV-8 (37296)",0.40
D0UZT1,Q80PP8,hhv8 (37296),"""Human herpesvirus 8 (HHV-8 (37296)",hhv8 (37296),"""Human herpesvirus 8 (HHV-8 (37296)",0.40
Q76RF6,D0UZT1,hhv8 (37296),"""Human herpesvirus 8 (HHV-8 (37296)",hhv8 (37296),"""Human herpesvirus 8 (HHV-8 (37296)",0.40
O40917,D0UZT1,hhv8 (37296),"""Human herpesvirus 8 (HHV-8 (37296)",hhv8 (37296),"""Human herpesvirus 8 (HHV-8 (37296)",0.40
Q98143,D0UZT1,hhv8 (37296),"""Human herpesvirus 8 (HHV-8 (37296)",hhv8 (37296),"""Human herpesvirus 8 (HHV-8 (37296)",0.40
D0UZT1,D0UZP5,hhv8 (37296),"""Human herpesvirus 8 (HHV-8 (37296)",hhv8 (37296),"""Human herpesvirus 8 (HHV-8 (37296)",0.40
D0UZT1,Q77UV9,hhv8 (37296),"""Human herpesvirus 8 (HHV-8 (37296)",hhv8 (37296),"""Human herpesvirus 8 (HHV-8 (37296)",0.40
D0UZT1,Q76RF5,hhv8 (37296),"""Human herpesvirus 8 (HHV-8 (37296)",hhv8 (37296),"""Human herpesvirus 8 (HHV-8 (37296)",0.40
D0UZT1,D0UZU4,hhv8 (37296),"""Human herpesvirus 8 (HHV-8 (37296)",hhv8 (37296),"""Human herpesvirus 8 (HHV-8 (37296)",0.40
D0UZT1,D0UZT1,hhv8 (37296),"""Human herpesvirus 8 (HHV-8 (37296)",hhv8 (37296),"""Human herpesvirus 8 (HHV-8 (37296)",0.40
P04489,P04489,ade05 (28285),"""Human adenovirus C serotype 5 (HAdV-5 (28285)",ade05 (28285),"""Human adenovirus C serotype 5 (HAdV-5 (28285)",0.72
P04489,P04489,ade05 (28285),"""Human adenovirus C serotype 5 (HAdV-5 (28285)",ade05 (28285),"""Human adenovirus C serotype 5 (HAdV-5 (28285)",0.72
P04489,P04489,ade05 (28285),"""Human adenovirus C serotype 5 (HAdV-5 (28285)",ade05 (28285),"""Human adenovirus C serotype 5 (HAdV-5 (28285)",0.72
P04489,P04489,ade05 (28285),"""Human adenovirus C serotype 5 (HAdV-5 (28285)",ade05 (28285),"""Human adenovirus C serotype 5 (HAdV-5 (28285)",0.72
C7E599,Q2HR80,hhv8 (37296),"""Human herpesvirus 8 (HHV-8 (37296)",hhv8p (868565),Human herpesvirus 8 (868565),0.51
Q2HR80,Q77UV9,hhv8p (868565),Human herpesvirus 8 (868565),hhv8 (37296),"""Human herpesvirus 8 (HHV-8 (37296)",0.51
Q2HR80,O40942,hhv8p (868565),Human herpesvirus 8 (868565),hhv8 (37296),"""Human herpesvirus 8 (HHV-8 (37296)",0.37
D0UZU4,Q2HR80,hhv8 (37296),"""Human herpesvirus 8 (HHV-8 (37296)",hhv8p (868565),Human herpesvirus 8 (868565),0.51
O40931,Q2HR80,hhv8 (37296),"""Human herpesvirus 8 (HHV-8 (37296)",hhv8p (868565),Human herpesvirus 8 (868565),0.51
Q76RG7,Q2HR80,hhv8 (37296),"""Human herpesvirus 8 (HHV-8 (37296)",hhv8p (868565),Human herpesvirus 8 (868565),0.37
Q2HR80,Q76RG4,hhv8p (868565),Human herpesvirus 8 (868565),hhv8 (37296),"""Human herpesvirus 8 (HHV-8 (37296)",0.51
Q2HR80,D0UZU4,hhv8p (868565),Human herpesvirus 8 (868565),hhv8 (37296),"""Human herpesvirus 8 (HHV-8 (37296)",0.51
O40942,Q2HR80,hhv8 (37296),"""Human herpesvirus 8 (HHV-8 (37296)",hhv8p (868565),Human herpesvirus 8 (868565),0.37
O40929,Q2HR80,hhv8 (37296),"""Human herpesvirus 8 (HHV-8 (37296)",hhv8p (868565),Human herpesvirus 8 (868565),0.40
O40929,Q2HR64,hhv8 (37296),"""Human herpesvirus 8 (HHV-8 (37296)",hhv8p (868565),Human herpesvirus 8 (868565),0.40
C7E599,Q2HR80,hhv8 (37296),"""Human herpesvirus 8 (HHV-8 (37296)",hhv8p (868565),Human herpesvirus 8 (868565),0.51
Q77UV9,Q2HR80,hhv8 (37296),"""Human herpesvirus 8 (HHV-8 (37296)",hhv8p (868565),Human herpesvirus 8 (868565),0.51
D0UZU4,Q2HR80,hhv8 (37296),"""Human herpesvirus 8 (HHV-8 (37296)",hhv8p (868565),Human herpesvirus 8 (868565),0.51
Q2HR80,O40931,hhv8p (868565),Human herpesvirus 8 (868565),hhv8 (37296),"""Human herpesvirus 8 (HHV-8 (37296)",0.51
Q76RG4,Q2HR80,hhv8 (37296),"""Human herpesvirus 8 (HHV-8 (37296)",hhv8p (868565),Human herpesvirus 8 (868565),0.51
Q98143,Q9QR70,hhv8 (37296),"""Human herpesvirus 8 (HHV-8 (37296)",hhv8p (868565),Human herpesvirus 8 (868565),0.40
Q2HR64,Q80PP8,hhv8p (868565),Human herpesvirus 8 (868565),hhv8 (37296),"""Human herpesvirus 8 (HHV-8 (37296)",0.40
Q2HR80,Q77UV9,hhv8p (868565),Human herpesvirus 8 (868565),hhv8 (37296),"""Human herpesvirus 8 (HHV-8 (37296)",0.51
O40931,Q2HR80,hhv8 (37296),"""Human herpesvirus 8 (HHV-8 (37296)",hhv8p (868565),Human herpesvirus 8 (868565),0.51
Q05086-1,Q77E16,human (9606),Homo sapiens (9606),hpv16 (333760),Human papillomavirus type 16 (333760),0.49
Q05086-1,Q77E16,human (9606),Homo sapiens (9606),hpv16 (333760),Human papillomavirus type 16 (333760),0.49
Q05086-1,Q77E16,human (9606),Homo sapiens (9606),hpv16 (333760),Human papillomavirus type 16 (333760),0.49
Q05086-1,Q77E16,human (9606),Homo sapiens (9606),hpv16 (333760),Human papillomavirus type 16 (333760),0.49
Q05086-2,Q77E16,human (9606),Homo sapiens (9606),hpv16 (333760),Human papillomavirus type 16 (333760),0.49
Q05086-1,Q77E16,human (9606),Homo sapiens (9606),hpv16 (333760),Human papillomavirus type 16 (333760),0.49
Q05086-2,Q77E16,human (9606),Homo sapiens (9606),hpv16 (333760),Human papillomavirus type 16 (333760),0.49
Q05086-2,Q77E16,human (9606),Homo sapiens (9606),hpv16 (333760),Human papillomavirus type 16 (333760),0.49
Q05086-2,Q77E16,human (9606),Homo sapiens (9606),hpv16 (333760),Human papillomavirus type 16 (333760),0.49
Q05086-2,Q77E16,human (9606),Homo sapiens (9606),hpv16 (333760),Human papillomavirus type 16 (333760),0.49
Q05086-2,Q77E16,human (9606),Homo sapiens (9606),hpv16 (333760),Human papillomavirus type 16 (333760),0.49
Q05086-2,Q77E16,human (9606),Homo sapiens (9606),hpv16 (333760),Human papillomavirus type 16 (333760),0.49
Q05086-3,Q77E16,human (9606),Homo sapiens (9606),hpv16 (333760),Human papillomavirus type 16 (333760),0.49
Q05086-3,Q77E16,human (9606),Homo sapiens (9606),hpv16 (333760),Human papillomavirus type 16 (333760),0.49
Q05086-2,Q77E16,human (9606),Homo sapiens (9606),hpv16 (333760),Human papillomavirus type 16 (333760),0.49
Q05086-3,Q77E16,human (9606),Homo sapiens (9606),hpv16 (333760),Human papillomavirus type 16 (333760),0.49
Q05086-3,Q77E16,human (9606),Homo sapiens (9606),hpv16 (333760),Human papillomavirus type 16 (333760),0.49
Q05086-3,Q77E16,human (9606),Homo sapiens (9606),hpv16 (333760),Human papillomavirus type 16 (333760),0.49
Q05086-3,Q77E16,human (9606),Homo sapiens (9606),hpv16 (333760),Human papillomavirus type 16 (333760),0.49
Q05086-1,Q77E16,human (9606),Homo sapiens (9606),hpv16 (333760),Human papillomavirus type 16 (333760),0.49
Q05086-1,Q77E16,human (9606),Homo sapiens (9606),hpv16 (333760),Human papillomavirus type 16 (333760),0.49
Q05086-1,Q77E16,human (9606),Homo sapiens (9606),hpv16 (333760),Human papillomavirus type 16 (333760),0.49
Q05086-1,Q77E16,human (9606),Homo sapiens (9606),hpv16 (333760),Human papillomavirus type 16 (333760),0.49
Q05086-2,Q77E16,human (9606),Homo sapiens (9606),hpv16 (333760),Human papillomavirus type 16 (333760),0.49
Q05086-2,Q77E16,human (9606),Homo sapiens (9606),hpv16 (333760),Human papillomavirus type 16 (333760),0.49
Q05086-2,Q77E16,human (9606),Homo sapiens (9606),hpv16 (333760),Human papillomavirus type 16 (333760),0.49
Q05086-2,Q77E16,human (9606),Homo sapiens (9606),hpv16 (333760),Human papillomavirus type 16 (333760),0.49
Q05086-1,Q77E16,human (9606),Homo sapiens (9606),hpv16 (333760),Human papillomavirus type 16 (333760),0.49
Q05086-2,Q77E16,human (9606),Homo sapiens (9606),hpv16 (333760),Human papillomavirus type 16 (333760),0.49
Q05086-2,Q77E16,human (9606),Homo sapiens (9606),hpv16 (333760),Human papillomavirus type 16 (333760),0.49
Q05086-2,Q77E16,human (9606),Homo sapiens (9606),hpv16 (333760),Human papillomavirus type 16 (333760),0.49
Q05086-2,Q77E16,human (9606),Homo sapiens (9606),hpv16 (333760),Human papillomavirus type 16 (333760),0.49
Q05086-3,Q77E16,human (9606),Homo sapiens (9606),hpv16 (333760),Human papillomavirus type 16 (333760),0.49
Q05086-3,Q77E16,human (9606),Homo sapiens (9606),hpv16 (333760),Human papillomavirus type 16 (333760),0.49
Q05086-3,Q77E16,human (9606),Homo sapiens (9606),hpv16 (333760),Human papillomavirus type 16 (333760),0.49
Q05086-3,Q77E16,human (9606),Homo sapiens (9606),hpv16 (333760),Human papillomavirus type 16 (333760),0.49
Q05086-3,Q77E16,human (9606),Homo sapiens (9606),hpv16 (333760),Human papillomavirus type 16 (333760),0.49
Q05086-3,Q77E16,human (9606),Homo sapiens (9606),hpv16 (333760),Human papillomavirus type 16 (333760),0.49
P69905,P01922|uniprotkb:Q3MIF5|uniprotkb:Q96KF1|uniprotkb:Q9NYR7|uniprotkb:Q1HDT5|uniprotkb:Q53F97|uniprotkb:Q9UCM0|ensembl:ENSP00000251595.6|ensembl:ENSP00000322421.5,hpv16 (333760),Human papillomavirus type 16 (333760),human (9606),Homo sapiens (9606),0.40
P08729,Q92676|uniprotkb:Q9BUD8|uniprotkb:Q9Y3R7|ensembl:ENSP00000329243.5,human (9606),Homo sapiens (9606),hpv16 (333760),Human papillomavirus type 16 (333760),0.40
P03129,P51784,hpv16 (333760),Human papillomavirus type 16 (333760),human (9606),Homo sapiens (9606),0.58
P03129,P51784,hpv16 (333760),Human papillomavirus type 16 (333760),human (9606),Homo sapiens (9606),0.58
P03129,P51784,hpv16 (333760),Human papillomavirus type 16 (333760),human (9606),Homo sapiens (9606),0.58
P03129,P51784,hpv16 (333760),Human papillomavirus type 16 (333760),human (9606),Homo sapiens (9606),0.58
P51784,P03129,human (9606),Homo sapiens (9606),hpv16 (333760),Human papillomavirus type 16 (333760),0.58
P03129,P51784,hpv16 (333760),Human papillomavirus type 16 (333760),human (9606),Homo sapiens (9606),0.58
P03120,Q8TD31,hpv16 (333760),Human papillomavirus type 16 (333760),human (9606),Homo sapiens (9606),0.37
O60885,P03120,human (9606),Homo sapiens (9606),hpv16 (333760),Human papillomavirus type 16 (333760),0.77
P03120,P22736,hpv16 (333760),Human papillomavirus type 16 (333760),human (9606),Homo sapiens (9606),0.55
P82094,P03120,human (9606),Homo sapiens (9606),hpv16 (333760),Human papillomavirus type 16 (333760),0.37
P21675-2,P03120,human (9606),Homo sapiens (9606),hpv16 (333760),Human papillomavirus type 16 (333760),0.37
Q9H0C5,P03120,human (9606),Homo sapiens (9606),hpv16 (333760),Human papillomavirus type 16 (333760),0.55
P03120,Q15637,hpv16 (333760),Human papillomavirus type 16 (333760),human (9606),Homo sapiens (9606),0.37
P31274,P03120,human (9606),Homo sapiens (9606),hpv16 (333760),Human papillomavirus type 16 (333760),0.55
P03120,Q9BX70,hpv16 (333760),Human papillomavirus type 16 (333760),human (9606),Homo sapiens (9606),0.37
P03120,Q8TD31,hpv16 (333760),Human papillomavirus type 16 (333760),human (9606),Homo sapiens (9606),0.37
P82094,P03120,human (9606),Homo sapiens (9606),hpv16 (333760),Human papillomavirus type 16 (333760),0.37
P03120,P22736,hpv16 (333760),Human papillomavirus type 16 (333760),human (9606),Homo sapiens (9606),0.55
P03120,P21675-2,hpv16 (333760),Human papillomavirus type 16 (333760),human (9606),Homo sapiens (9606),0.37
P03120,Q15637,hpv16 (333760),Human papillomavirus type 16 (333760),human (9606),Homo sapiens (9606),0.37
Q9BX70,P03120,human (9606),Homo sapiens (9606),hpv16 (333760),Human papillomavirus type 16 (333760),0.37
P03120,O60885,hpv16 (333760),Human papillomavirus type 16 (333760),human (9606),Homo sapiens (9606),0.77
P03120,P31274,hpv16 (333760),Human papillomavirus type 16 (333760),human (9606),Homo sapiens (9606),0.55
Q9H0C5,P03120,human (9606),Homo sapiens (9606),hpv16 (333760),Human papillomavirus type 16 (333760),0.55
P03126,Q9NQC7,hpv16 (333760),Human papillomavirus type 16 (333760),human (9606),Homo sapiens (9606),0.35
P03126,P04637,hpv16 (333760),Human papillomavirus type 16 (333760),human (9606),Homo sapiens (9606),0.81
P0C6X1-PRO_0000037299,P0C6X1-PRO_0000037300,hcov-229e (11137),Human coronavirus 229E (11137),hcov-229e (11137),Human coronavirus 229E (11137),0.56
P0C6X1-PRO_0000037299,P0C6X1-PRO_0000037300,hcov-229e (11137),Human coronavirus 229E (11137),hcov-229e (11137),Human coronavirus 229E (11137),0.56
P0C6X1-PRO_0000037299,P0C6X1-PRO_0000037300,hcov-229e (11137),Human coronavirus 229E (11137),hcov-229e (11137),Human coronavirus 229E (11137),0.56
P0C6X1,P0C6X1-PRO_0000037297,hcov-229e (11137),Human coronavirus 229E (11137),hcov-229e (11137),Human coronavirus 229E (11137),0.44
P0C6X1-PRO_0000037299,P0C6X1-PRO_0000037300,hcov-229e (11137),Human coronavirus 229E (11137),hcov-229e (11137),Human coronavirus 229E (11137),0.56
Q2HR64,Q2HRC8,hhv8p (868565),Human herpesvirus 8 (868565),hhv8p (868565),Human herpesvirus 8 (868565),0.40
Q6QCV6,Q6QCM2,hhv3 (10335),"""Human herpesvirus 3 (HHV-3 (10335)",hhv3 (10335),"""Human herpesvirus 3 (HHV-3 (10335)",0.37
Q6QCV6,Q0Q8R5,hhv3 (10335),"""Human herpesvirus 3 (HHV-3 (10335)",hhv3 (10335),"""Human herpesvirus 3 (HHV-3 (10335)",0.37
Q6QCM2,Q6QCM2,hhv3 (10335),"""Human herpesvirus 3 (HHV-3 (10335)",hhv3 (10335),"""Human herpesvirus 3 (HHV-3 (10335)",0.37
Q0Q8R5,Q6QCM2,hhv3 (10335),"""Human herpesvirus 3 (HHV-3 (10335)",hhv3 (10335),"""Human herpesvirus 3 (HHV-3 (10335)",0.37
Q6QCM2,Q0Q8R5,hhv3 (10335),"""Human herpesvirus 3 (HHV-3 (10335)",hhv3 (10335),"""Human herpesvirus 3 (HHV-3 (10335)",0.37
P03418,P03421,hrsva (11259),human respiratory sy (11259),hrsva (11259),human respiratory sy (11259),0.49
O15350-1,P03126,human (9606),Homo sapiens (9606),hpv16 (333760),Human papillomavirus type 16 (333760),0.53
P03126,O15350-1,hpv16 (333760),Human papillomavirus type 16 (333760),human (9606),Homo sapiens (9606),0.53
O15350-2,P03126,human (9606),Homo sapiens (9606),hpv16 (333760),Human papillomavirus type 16 (333760),0.44
P03420,P0DOE7,hrsva (11259),human respiratory sy (11259),hrsva (11259),human respiratory sy (11259),0.38
P0DOE7,P04545,hrsva (11259),human respiratory sy (11259),hrsva (11259),human respiratory sy (11259),0.58
P03420,P04545,hrsva (11259),human respiratory sy (11259),hrsva (11259),human respiratory sy (11259),0.38
P04545,P0DOE7,hrsva (11259),human respiratory sy (11259),hrsva (11259),human respiratory sy (11259),0.58
P03420,P0DOE7,hrsva (11259),human respiratory sy (11259),hrsva (11259),human respiratory sy (11259),0.38
P03420,P04545,hrsva (11259),human respiratory sy (11259),hrsva (11259),human respiratory sy (11259),0.38
P15423,P15423,hcov-229e (11137),Human coronavirus 229E (11137),hcov-229e (11137),Human coronavirus 229E (11137),0.32
P0C6X1-PRO_0000037301,P0C6X1-PRO_0000037301,hcov-229e (11137),Human coronavirus 229E (11137),hcov-229e (11137),Human coronavirus 229E (11137),0.61
P0C6X1-PRO_0000037301,P0C6X1-PRO_0000037301,hcov-229e (11137),Human coronavirus 229E (11137),hcov-229e (11137),Human coronavirus 229E (11137),0.61
P0C6X1-PRO_0000037301,P0C6X1-PRO_0000037301,hcov-229e (11137),Human coronavirus 229E (11137),hcov-229e (11137),Human coronavirus 229E (11137),0.61
P0C6X1-PRO_0000037301,P0C6X1-PRO_0000037301,hcov-229e (11137),Human coronavirus 229E (11137),hcov-229e (11137),Human coronavirus 229E (11137),0.61
P0C6X1-PRO_0000037301,P0C6X1-PRO_0000037301,hcov-229e (11137),Human coronavirus 229E (11137),hcov-229e (11137),Human coronavirus 229E (11137),0.61
P00742,P04133,human (9606),Homo sapiens (9606),ade05 (28285),"""Human adenovirus C serotype 5 (HAdV-5 (28285)",0.44
P04133,P08709,ade05 (28285),"""Human adenovirus C serotype 5 (HAdV-5 (28285)",human (9606),Homo sapiens (9606),0.44
Q99471,Q9DUN1,human (9606),Homo sapiens (9606),hhv8 (37296),"""Human herpesvirus 8 (HHV-8 (37296)",0.68
Q9DUN1,Q99471,hhv8 (37296),"""Human herpesvirus 8 (HHV-8 (37296)",human (9606),Homo sapiens (9606),0.68
Q9DUN1,Q99471,hhv8 (37296),"""Human herpesvirus 8 (HHV-8 (37296)",human (9606),Homo sapiens (9606),0.68
Q99471,Q9DUN1,human (9606),Homo sapiens (9606),hhv8 (37296),"""Human herpesvirus 8 (HHV-8 (37296)",0.68
Q9DUN1,Q99471,hhv8 (37296),"""Human herpesvirus 8 (HHV-8 (37296)",human (9606),Homo sapiens (9606),0.68
Q99471,Q9DUN1,human (9606),Homo sapiens (9606),hhv8 (37296),"""Human herpesvirus 8 (HHV-8 (37296)",0.68
Q99471,Q9DUN1,human (9606),Homo sapiens (9606),hhv8 (37296),"""Human herpesvirus 8 (HHV-8 (37296)",0.68
Q9DUN1,Q2HR72,hhv8 (37296),"""Human herpesvirus 8 (HHV-8 (37296)",human (9606),Homo sapiens (9606),0.50
Q9DUN1,Q2HR72,human (9606),Homo sapiens (9606),hhv8 (37296),"""Human herpesvirus 8 (HHV-8 (37296)",0.50
Q9DUN1,Q2HR72,human (9606),Homo sapiens (9606),hhv8 (37296),"""Human herpesvirus 8 (HHV-8 (37296)",0.35
Q9DUN1,Q2HR72,hhv8 (37296),"""Human herpesvirus 8 (HHV-8 (37296)",human (9606),Homo sapiens (9606),0.50
Q99471,Q9DUN1,human (9606),Homo sapiens (9606),hhv8 (37296),"""Human herpesvirus 8 (HHV-8 (37296)",0.68
P01106,Q9DUN1,human (9606),Homo sapiens (9606),hhv8 (37296),"""Human herpesvirus 8 (HHV-8 (37296)",0.40
Q9UER7,P03244,human (9606),Homo sapiens (9606),ade02 (10515),"""Human adenovirus C serotype 2 (HAdV-2 (10515)",0.53
P03244,Q9UER7,ade02 (10515),"""Human adenovirus C serotype 2 (HAdV-2 (10515)",human (9606),Homo sapiens (9606),0.53
Q9UER7,P03244,human (9606),Homo sapiens (9606),ade02 (10515),"""Human adenovirus C serotype 2 (HAdV-2 (10515)",0.53
Q9UER7,P03243,human (9606),Homo sapiens (9606),ade05 (28285),"""Human adenovirus C serotype 5 (HAdV-5 (28285)",0.46
Q9UER7,P03243,human (9606),Homo sapiens (9606),ade05 (28285),"""Human adenovirus C serotype 5 (HAdV-5 (28285)",0.46
Q9UER7,P03244,human (9606),Homo sapiens (9606),ade02 (10515),"""Human adenovirus C serotype 2 (HAdV-2 (10515)",0.53
Q9UER7,P03243,human (9606),Homo sapiens (9606),ade05 (28285),"""Human adenovirus C serotype 5 (HAdV-5 (28285)",0.46
Q9UER7,P03243,human (9606),Homo sapiens (9606),ade05 (28285),"""Human adenovirus C serotype 5 (HAdV-5 (28285)",0.46
Q98823,P40189,hhv8 (37296),"""Human herpesvirus 8 (HHV-8 (37296)",human (9606),Homo sapiens (9606),0.44
O15259,P03243,human (9606),Homo sapiens (9606),ade05 (28285),"""Human adenovirus C serotype 5 (HAdV-5 (28285)",0.27
Q6UVJ0,P03243,human (9606),Homo sapiens (9606),ade05 (28285),"""Human adenovirus C serotype 5 (HAdV-5 (28285)",0.27
Q7Z7A1,P03243,human (9606),Homo sapiens (9606),ade05 (28285),"""Human adenovirus C serotype 5 (HAdV-5 (28285)",0.27
Q9Y2I6,P03243,human (9606),Homo sapiens (9606),ade05 (28285),"""Human adenovirus C serotype 5 (HAdV-5 (28285)",0.27
Q9Y2I6,P03243,human (9606),Homo sapiens (9606),ade05 (28285),"""Human adenovirus C serotype 5 (HAdV-5 (28285)",0.27
Q7Z7A1,P03243,human (9606),Homo sapiens (9606),ade05 (28285),"""Human adenovirus C serotype 5 (HAdV-5 (28285)",0.27
P04489,O60934,ade05 (28285),"""Human adenovirus C serotype 5 (HAdV-5 (28285)",human (9606),Homo sapiens (9606),0.27
P04019,O15350-1,hpv11 (10580),Human papillomavirus type 11 (10580),human (9606),Homo sapiens (9606),0.37
O60238,P03247,human (9606),Homo sapiens (9606),ade02 (10515),"""Human adenovirus C serotype 2 (HAdV-2 (10515)",0.65
O60238,P03247,human (9606),Homo sapiens (9606),ade02 (10515),"""Human adenovirus C serotype 2 (HAdV-2 (10515)",0.65
P06400,P03255,human (9606),Homo sapiens (9606),ade05 (28285),"""Human adenovirus C serotype 5 (HAdV-5 (28285)",0.92
P03255,Q01094,ade05 (28285),"""Human adenovirus C serotype 5 (HAdV-5 (28285)",human (9606),Homo sapiens (9606),0.35
P03255,P06400,ade05 (28285),"""Human adenovirus C serotype 5 (HAdV-5 (28285)",human (9606),Homo sapiens (9606),0.92
P03255,P06438|uniprotkb:Q64825|uniprotkb:Q64826,ade05 (28285),"""Human adenovirus C serotype 5 (HAdV-5 (28285)",human (9606),Homo sapiens (9606),0.35
P03255,P06438|uniprotkb:Q64825|uniprotkb:Q64826,ade05 (28285),"""Human adenovirus C serotype 5 (HAdV-5 (28285)",human (9606),Homo sapiens (9606),0.35
Q9BUN8,P09727,human (9606),Homo sapiens (9606),hcmva (10360),"""Human cytomegalovirus (strain AD169 (10360)",0.35
P30459,P35961,human (9606),Homo sapiens (9606),hv1y2 (362651),"""Human immunodeficiency virus type 1 group M subtype B (isolate YU-2 (362651)",0.40
P30459,P35961,human (9606),Homo sapiens (9606),hv1y2 (362651),"""Human immunodeficiency virus type 1 group M subtype B (isolate YU-2 (362651)",0.40
Q8WUM4,P03347,human (9606),Homo sapiens (9606),hv1b1 (11678),"""Human immunodeficiency virus type 1 group M subtype B (isolate BH10 (11678)",0.40
Q8WUM4,P03347,human (9606),Homo sapiens (9606),hv1b1 (11678),"""Human immunodeficiency virus type 1 group M subtype B (isolate BH10 (11678)",0.40
P62158,P35963,human (9606),Homo sapiens (9606),hv1y2 (362651),"""Human immunodeficiency virus type 1 group M subtype B (isolate YU-2 (362651)",0.35
P01948,Hemoglobin,hpv16 (333760),Human papillomavirus type 16 (333760),rabit (9986),"""Oryctolagus cuniculus (Rabbit (9986)",0.40
,,hpv16 (333760),Human papillomavirus type 16 (333760),,,0.40
P01948,Hemoglobin,rabit (9986),"""Oryctolagus cuniculus (Rabbit (9986)",hpv16 (333760),Human papillomavirus type 16 (333760),0.40
P01966,A3KN13|uniprotkb:Q3SZE0|uniprotkb:Q9TTR9|uniprotkb:Q9TTS0|uniprotkb:Q9TTS1,hpv16 (333760),Human papillomavirus type 16 (333760),bovin (9913),"""Bos taurus (Bovine (9913)",0.40
P01946,P33583|uniprotkb:Q63243|uniprotkb:Q80XV2|uniprotkb:Q91V15,hpv16 (333760),Human papillomavirus type 16 (333760),rat (10116),"""Rattus norvegicus (Rat (10116)",0.40
P68240,P01970,sheep (9940),"""Ovis aries (Sheep (9940)",hpv16 (333760),Human papillomavirus type 16 (333760),0.40
P01965,HBA(gene,pig (9823),"""Sus scrofa (Pig (9823)",hpv16 (333760),Human papillomavirus type 16 (333760),0.40
P21871,O12986|uniprotkb:Q91249,hpv16 (333760),Human papillomavirus type 16 (333760),colli (8932),"""Columba livia (Domestic pigeon (8932)",0.40
Q9UER7,P04491,human (9606),Homo sapiens (9606),ade12 (28282),"""Human adenovirus A serotype 12 (HAdV-12 (28282)",0.37
P04491,Q9UER7,ade12 (28282),"""Human adenovirus A serotype 12 (HAdV-12 (28282)",human (9606),Homo sapiens (9606),0.37
P06788,P51784,hpv18 (333761),Human papillomavirus type 18 (333761),human (9606),Homo sapiens (9606),0.37
P06463,P04637,hpv18 (333761),Human papillomavirus type 18 (333761),human (9606),Homo sapiens (9606),0.84
P06463,Q9NQC7,hpv18 (333761),Human papillomavirus type 18 (333761),human (9606),Homo sapiens (9606),0.35
P06400,Q6H1D8,human (9606),Homo sapiens (9606),human adenovirus e (130308),Human adenovirus E (130308),0.35
P07917,P10226,hhv1a (10301),"""Human herpesvirus 1 (strain Angelotti (10301)",hhv11 (10299),"""Human herpesvirus 1 (strain 17 (10299)",0.44
Q13651,P17150,human (9606),Homo sapiens (9606),hcmva (10360),"""Human cytomegalovirus (strain AD169 (10360)",0.62
P69699,Q10589,hv1b1 (11678),"""Human immunodeficiency virus type 1 group M subtype B (isolate BH10 (11678)",human (9606),Homo sapiens (9606),0.63
P69699,Q10589,hv1b1 (11678),"""Human immunodeficiency virus type 1 group M subtype B (isolate BH10 (11678)",human (9606),Homo sapiens (9606),0.63
Q10589,P69699,human (9606),Homo sapiens (9606),hv1b1 (11678),"""Human immunodeficiency virus type 1 group M subtype B (isolate BH10 (11678)",0.63
Q10589,P69699,human (9606),Homo sapiens (9606),hv1b1 (11678),"""Human immunodeficiency virus type 1 group M subtype B (isolate BH10 (11678)",0.63
Q10589,P69699,human (9606),Homo sapiens (9606),hv1b1 (11678),"""Human immunodeficiency virus type 1 group M subtype B (isolate BH10 (11678)",0.63
Q10589,P69699,human (9606),Homo sapiens (9606),hv1b1 (11678),"""Human immunodeficiency virus type 1 group M subtype B (isolate BH10 (11678)",0.63
Q10589,P69699,human (9606),Homo sapiens (9606),hv1b1 (11678),"""Human immunodeficiency virus type 1 group M subtype B (isolate BH10 (11678)",0.63
P03418,Q9BYX4,hrsva (11259),human respiratory sy (11259),human (9606),Homo sapiens (9606),0.27
Q9BYX4,P03418,human (9606),Homo sapiens (9606),hrsva (11259),human respiratory sy (11259),0.27
Q7Z434,P03418,human (9606),Homo sapiens (9606),hrsva (11259),human respiratory sy (11259),0.27
P16757,Q9BZM5,hcmva (10360),"""Human cytomegalovirus (strain AD169 (10360)",human (9606),Homo sapiens (9606),0.40
Q5VY80,P16757,human (9606),Homo sapiens (9606),hcmva (10360),"""Human cytomegalovirus (strain AD169 (10360)",0.46
Q6H3X3,P16757,human (9606),Homo sapiens (9606),hcmva (10360),"""Human cytomegalovirus (strain AD169 (10360)",0.40
Q5VY80,P16757,human (9606),Homo sapiens (9606),hcmva (10360),"""Human cytomegalovirus (strain AD169 (10360)",0.46
P90495,Q9NZT1,hhv8p (868565),Human herpesvirus 8 (868565),human (9606),Homo sapiens (9606),0.35
P90495,Q15904,hhv8p (868565),Human herpesvirus 8 (868565),human (9606),Homo sapiens (9606),0.35
P90495,Q00839,hhv8p (868565),Human herpesvirus 8 (868565),human (9606),Homo sapiens (9606),0.35
P90495,Q13748,hhv8p (868565),Human herpesvirus 8 (868565),human (9606),Homo sapiens (9606),0.35
P90495,Q3ZAQ7,hhv8p (868565),Human herpesvirus 8 (868565),human (9606),Homo sapiens (9606),0.35
P90495,Q00325,hhv8p (868565),Human herpesvirus 8 (868565),human (9606),Homo sapiens (9606),0.35
P90495,P31151,hhv8p (868565),Human herpesvirus 8 (868565),human (9606),Homo sapiens (9606),0.35
P90495,P19338,hhv8p (868565),Human herpesvirus 8 (868565),human (9606),Homo sapiens (9606),0.35
P90495,Q6PEY2,hhv8p (868565),Human herpesvirus 8 (868565),human (9606),Homo sapiens (9606),0.35
P90495,Q96HS1,hhv8p (868565),Human herpesvirus 8 (868565),human (9606),Homo sapiens (9606),0.35
P90495,Q8NC56,hhv8p (868565),Human herpesvirus 8 (868565),human (9606),Homo sapiens (9606),0.35
P90495,Q71U36,hhv8p (868565),Human herpesvirus 8 (868565),human (9606),Homo sapiens (9606),0.35
P90495,O75787,hhv8p (868565),Human herpesvirus 8 (868565),human (9606),Homo sapiens (9606),0.35
P90495,Q9BQE3,hhv8p (868565),Human herpesvirus 8 (868565),human (9606),Homo sapiens (9606),0.35
P90489,P34931,hhv8p (868565),Human herpesvirus 8 (868565),human (9606),Homo sapiens (9606),0.35
P03366,Q9UGP4,hv1b1 (11678),"""Human immunodeficiency virus type 1 group M subtype B (isolate BH10 (11678)",human (9606),Homo sapiens (9606),0.46
P03366,P60228,hv1b1 (11678),"""Human immunodeficiency virus type 1 group M subtype B (isolate BH10 (11678)",human (9606),Homo sapiens (9606),0.46
P03366,P62714,hv1b1 (11678),"""Human immunodeficiency virus type 1 group M subtype B (isolate BH10 (11678)",human (9606),Homo sapiens (9606),0.46
P03366,Q9UMS0,hv1b1 (11678),"""Human immunodeficiency virus type 1 group M subtype B (isolate BH10 (11678)",human (9606),Homo sapiens (9606),0.35
P03366,Q08380,hv1b1 (11678),"""Human immunodeficiency virus type 1 group M subtype B (isolate BH10 (11678)",human (9606),Homo sapiens (9606),0.46
P03366,P55884,hv1b1 (11678),"""Human immunodeficiency virus type 1 group M subtype B (isolate BH10 (11678)",human (9606),Homo sapiens (9606),0.46
P03366,O15372,hv1b1 (11678),"""Human immunodeficiency virus type 1 group M subtype B (isolate BH10 (11678)",human (9606),Homo sapiens (9606),0.46
P03366,Q13347,hv1b1 (11678),"""Human immunodeficiency virus type 1 group M subtype B (isolate BH10 (11678)",human (9606),Homo sapiens (9606),0.46
P03366,O15371,hv1b1 (11678),"""Human immunodeficiency virus type 1 group M subtype B (isolate BH10 (11678)",human (9606),Homo sapiens (9606),0.46
P03366,Q9H4L5,hv1b1 (11678),"""Human immunodeficiency virus type 1 group M subtype B (isolate BH10 (11678)",human (9606),Homo sapiens (9606),0.46
P03366,Q5T4S7,hv1b1 (11678),"""Human immunodeficiency virus type 1 group M subtype B (isolate BH10 (11678)",human (9606),Homo sapiens (9606),0.46
P03366,O75821,hv1b1 (11678),"""Human immunodeficiency virus type 1 group M subtype B (isolate BH10 (11678)",human (9606),Homo sapiens (9606),0.46
P03366,Q15293,hv1b1 (11678),"""Human immunodeficiency virus type 1 group M subtype B (isolate BH10 (11678)",human (9606),Homo sapiens (9606),0.46
P03366,Q9Y262,hv1b1 (11678),"""Human immunodeficiency virus type 1 group M subtype B (isolate BH10 (11678)",human (9606),Homo sapiens (9606),0.46
P03366,Q14152,hv1b1 (11678),"""Human immunodeficiency virus type 1 group M subtype B (isolate BH10 (11678)",human (9606),Homo sapiens (9606),0.46
P03366,P46063,hv1b1 (11678),"""Human immunodeficiency virus type 1 group M subtype B (isolate BH10 (11678)",human (9606),Homo sapiens (9606),0.46
P03366,P13667,hv1b1 (11678),"""Human immunodeficiency virus type 1 group M subtype B (isolate BH10 (11678)",human (9606),Homo sapiens (9606),0.46
P03366,Q99613,hv1b1 (11678),"""Human immunodeficiency virus type 1 group M subtype B (isolate BH10 (11678)",human (9606),Homo sapiens (9606),0.46
P03366,O00303,hv1b1 (11678),"""Human immunodeficiency virus type 1 group M subtype B (isolate BH10 (11678)",human (9606),Homo sapiens (9606),0.46
P03366,Q9UBQ5,hv1b1 (11678),"""Human immunodeficiency virus type 1 group M subtype B (isolate BH10 (11678)",human (9606),Homo sapiens (9606),0.46
P05919,P05919,hv1h2 (11706),"""Human immunodeficiency virus type 1 group M subtype B (isolate HXB2 (11706)",hv1h2 (11706),"""Human immunodeficiency virus type 1 group M subtype B (isolate HXB2 (11706)",0.35
P03366,P60228,hv1b1 (11678),"""Human immunodeficiency virus type 1 group M subtype B (isolate BH10 (11678)",human (9606),Homo sapiens (9606),0.46
P03366,Q9UBQ5,hv1b1 (11678),"""Human immunodeficiency virus type 1 group M subtype B (isolate BH10 (11678)",human (9606),Homo sapiens (9606),0.46
P03366,O75821,hv1b1 (11678),"""Human immunodeficiency virus type 1 group M subtype B (isolate BH10 (11678)",human (9606),Homo sapiens (9606),0.46
P03366,Q9Y262,hv1b1 (11678),"""Human immunodeficiency virus type 1 group M subtype B (isolate BH10 (11678)",human (9606),Homo sapiens (9606),0.46
P03366,Q99613,hv1b1 (11678),"""Human immunodeficiency virus type 1 group M subtype B (isolate BH10 (11678)",human (9606),Homo sapiens (9606),0.46
P03366,P55884,hv1b1 (11678),"""Human immunodeficiency virus type 1 group M subtype B (isolate BH10 (11678)",human (9606),Homo sapiens (9606),0.46
P03366,Q14152,hv1b1 (11678),"""Human immunodeficiency virus type 1 group M subtype B (isolate BH10 (11678)",human (9606),Homo sapiens (9606),0.46
P03366,Q13347,hv1b1 (11678),"""Human immunodeficiency virus type 1 group M subtype B (isolate BH10 (11678)",human (9606),Homo sapiens (9606),0.46
P03366,P62714,hv1b1 (11678),"""Human immunodeficiency virus type 1 group M subtype B (isolate BH10 (11678)",human (9606),Homo sapiens (9606),0.46
P03366,Q15293,hv1b1 (11678),"""Human immunodeficiency virus type 1 group M subtype B (isolate BH10 (11678)",human (9606),Homo sapiens (9606),0.46
P03366,Q5T4S7,hv1b1 (11678),"""Human immunodeficiency virus type 1 group M subtype B (isolate BH10 (11678)",human (9606),Homo sapiens (9606),0.46
P03366,P13667,hv1b1 (11678),"""Human immunodeficiency virus type 1 group M subtype B (isolate BH10 (11678)",human (9606),Homo sapiens (9606),0.46
P03366,P46063,hv1b1 (11678),"""Human immunodeficiency virus type 1 group M subtype B (isolate BH10 (11678)",human (9606),Homo sapiens (9606),0.46
P03366,Q08380,hv1b1 (11678),"""Human immunodeficiency virus type 1 group M subtype B (isolate BH10 (11678)",human (9606),Homo sapiens (9606),0.46
P03366,O15372,hv1b1 (11678),"""Human immunodeficiency virus type 1 group M subtype B (isolate BH10 (11678)",human (9606),Homo sapiens (9606),0.46
P03366,Q9UGP4,hv1b1 (11678),"""Human immunodeficiency virus type 1 group M subtype B (isolate BH10 (11678)",human (9606),Homo sapiens (9606),0.46
P03366,O00303,hv1b1 (11678),"""Human immunodeficiency virus type 1 group M subtype B (isolate BH10 (11678)",human (9606),Homo sapiens (9606),0.46
P03366,Q9H4L5,hv1b1 (11678),"""Human immunodeficiency virus type 1 group M subtype B (isolate BH10 (11678)",human (9606),Homo sapiens (9606),0.46
P03366,O15371,hv1b1 (11678),"""Human immunodeficiency virus type 1 group M subtype B (isolate BH10 (11678)",human (9606),Homo sapiens (9606),0.46
P03366,Q2T9J0,hv1b1 (11678),"""Human immunodeficiency virus type 1 group M subtype B (isolate BH10 (11678)",human (9606),Homo sapiens (9606),0.46
P03366,P22830,hv1b1 (11678),"""Human immunodeficiency virus type 1 group M subtype B (isolate BH10 (11678)",human (9606),Homo sapiens (9606),0.35
P03366,O00303,hv1b1 (11678),"""Human immunodeficiency virus type 1 group M subtype B (isolate BH10 (11678)",human (9606),Homo sapiens (9606),0.46
P03366,Q9H4L5,hv1b1 (11678),"""Human immunodeficiency virus type 1 group M subtype B (isolate BH10 (11678)",human (9606),Homo sapiens (9606),0.46
P03366,O15372,hv1b1 (11678),"""Human immunodeficiency virus type 1 group M subtype B (isolate BH10 (11678)",human (9606),Homo sapiens (9606),0.46
P03366,Q9UJX6,hv1b1 (11678),"""Human immunodeficiency virus type 1 group M subtype B (isolate BH10 (11678)",human (9606),Homo sapiens (9606),0.35
P03366,Q5T4S7,hv1b1 (11678),"""Human immunodeficiency virus type 1 group M subtype B (isolate BH10 (11678)",human (9606),Homo sapiens (9606),0.46
P03366,P32121,hv1b1 (11678),"""Human immunodeficiency virus type 1 group M subtype B (isolate BH10 (11678)",human (9606),Homo sapiens (9606),0.35
P03366,P62993,hv1b1 (11678),"""Human immunodeficiency virus type 1 group M subtype B (isolate BH10 (11678)",human (9606),Homo sapiens (9606),0.35
P03366,Q99613,hv1b1 (11678),"""Human immunodeficiency virus type 1 group M subtype B (isolate BH10 (11678)",human (9606),Homo sapiens (9606),0.46
P03366,Q9Y262,hv1b1 (11678),"""Human immunodeficiency virus type 1 group M subtype B (isolate BH10 (11678)",human (9606),Homo sapiens (9606),0.46
P03366,P33993,hv1b1 (11678),"""Human immunodeficiency virus type 1 group M subtype B (isolate BH10 (11678)",human (9606),Homo sapiens (9606),0.46
P03366,Q14566,hv1b1 (11678),"""Human immunodeficiency virus type 1 group M subtype B (isolate BH10 (11678)",human (9606),Homo sapiens (9606),0.46
P03366,O75475,hv1b1 (11678),"""Human immunodeficiency virus type 1 group M subtype B (isolate BH10 (11678)",human (9606),Homo sapiens (9606),0.35
P03366,P07858,hv1b1 (11678),"""Human immunodeficiency virus type 1 group M subtype B (isolate BH10 (11678)",human (9606),Homo sapiens (9606),0.46
P03366,Q8N163,hv1b1 (11678),"""Human immunodeficiency virus type 1 group M subtype B (isolate BH10 (11678)",human (9606),Homo sapiens (9606),0.46
P03366,Q9Y266,hv1b1 (11678),"""Human immunodeficiency virus type 1 group M subtype B (isolate BH10 (11678)",human (9606),Homo sapiens (9606),0.46
P03366,P33991,hv1b1 (11678),"""Human immunodeficiency virus type 1 group M subtype B (isolate BH10 (11678)",human (9606),Homo sapiens (9606),0.46
P03366,P60228,hv1b1 (11678),"""Human immunodeficiency virus type 1 group M subtype B (isolate BH10 (11678)",human (9606),Homo sapiens (9606),0.46
P03366,Q9BRX2,hv1b1 (11678),"""Human immunodeficiency virus type 1 group M subtype B (isolate BH10 (11678)",human (9606),Homo sapiens (9606),0.46
P03366,O15371,hv1b1 (11678),"""Human immunodeficiency virus type 1 group M subtype B (isolate BH10 (11678)",human (9606),Homo sapiens (9606),0.46
P03366,Q9UBQ5,hv1b1 (11678),"""Human immunodeficiency virus type 1 group M subtype B (isolate BH10 (11678)",human (9606),Homo sapiens (9606),0.46
P03366,Q9Y265,hv1b1 (11678),"""Human immunodeficiency virus type 1 group M subtype B (isolate BH10 (11678)",human (9606),Homo sapiens (9606),0.46
P03366,Q15084,hv1b1 (11678),"""Human immunodeficiency virus type 1 group M subtype B (isolate BH10 (11678)",human (9606),Homo sapiens (9606),0.46
P03366,P31350,hv1b1 (11678),"""Human immunodeficiency virus type 1 group M subtype B (isolate BH10 (11678)",human (9606),Homo sapiens (9606),0.35
P03366,Q14152,hv1b1 (11678),"""Human immunodeficiency virus type 1 group M subtype B (isolate BH10 (11678)",human (9606),Homo sapiens (9606),0.46
P03366,Q9P2R7,hv1b1 (11678),"""Human immunodeficiency virus type 1 group M subtype B (isolate BH10 (11678)",human (9606),Homo sapiens (9606),0.46
P03366,P50213,hv1b1 (11678),"""Human immunodeficiency virus type 1 group M subtype B (isolate BH10 (11678)",human (9606),Homo sapiens (9606),0.35
F5HF68,Q09472,hhv8p (868565),Human herpesvirus 8 (868565),human (9606),Homo sapiens (9606),0.35
F5HF68,Q92793,hhv8p (868565),Human herpesvirus 8 (868565),human (9606),Homo sapiens (9606),0.35
P0DOE9,P40939,hrsva (11259),human respiratory sy (11259),human (9606),Homo sapiens (9606),0.35
P0DOE9,Q14204,hrsva (11259),human respiratory sy (11259),human (9606),Homo sapiens (9606),0.35
P0DOE9,Q96S55,hrsva (11259),human respiratory sy (11259),human (9606),Homo sapiens (9606),0.35
P0DOE9,Q8TEM1,hrsva (11259),human respiratory sy (11259),human (9606),Homo sapiens (9606),0.35
P0DOE9,P06576,hrsva (11259),human respiratory sy (11259),human (9606),Homo sapiens (9606),0.35
P0DOE9,Q9NQC3,hrsva (11259),human respiratory sy (11259),human (9606),Homo sapiens (9606),0.35
P0DOE9,Q71F56,hrsva (11259),human respiratory sy (11259),human (9606),Homo sapiens (9606),0.35
P0DOE9,Q9BSJ8,hrsva (11259),human respiratory sy (11259),human (9606),Homo sapiens (9606),0.35
P0DOE9,P68371,hrsva (11259),human respiratory sy (11259),human (9606),Homo sapiens (9606),0.35
P0DOE9,Q9NTJ5,hrsva (11259),human respiratory sy (11259),human (9606),Homo sapiens (9606),0.35
P0DOE9,P68363,hrsva (11259),human respiratory sy (11259),human (9606),Homo sapiens (9606),0.35
